<?xml version="1.0" encoding="UTF-8" standalone="yes"?><javaScriptFFIContainer><namespaces name="audio"><jsFunctions name="record"><mappings platformId="1"><nativeFunction static="false" packageName="" name="startRecording" library="CRM_AUDIO_IMG_S3_FFI.zip" frameworks="" className="RecorderBindings"><versionSpecificLibraries><entry><key>5.0</key></entry><entry><key>6.0</key></entry></versionSpecificLibraries></nativeFunction></mappings><returnTypes>void</returnTypes></jsFunctions><jsFunctions name="stopRecording"><mappings platformId="1"><nativeFunction static="false" packageName="" name="stopRecording" library="CRM_AUDIO_IMG_S3_FFI.zip" frameworks="" className="RecorderBindings"><versionSpecificLibraries><entry><key>5.0</key></entry><entry><key>6.0</key></entry></versionSpecificLibraries></nativeFunction></mappings><returnTypes>void</returnTypes></jsFunctions><jsFunctions name="playRecorded"><mappings platformId="1"><nativeFunction static="false" packageName="" name="playRecording" library="CRM_AUDIO_IMG_S3_FFI.zip" frameworks="" className="RecorderBindings"><versionSpecificLibraries><entry><key>5.0</key></entry><entry><key>6.0</key></entry></versionSpecificLibraries></nativeFunction></mappings><returnTypes>void</returnTypes></jsFunctions><jsFunctions name="initRecording"><mappings platformId="1"><nativeFunction static="false" packageName="" name="prepareToRecord:" library="CRM_AUDIO_IMG_S3_FFI.zip" frameworks="" className="RecorderBindings"><params dataType="NSString"/><versionSpecificLibraries><entry><key>5.0</key></entry><entry><key>6.0</key></entry></versionSpecificLibraries></nativeFunction></mappings><params name="fileName" dataType="String"/><returnTypes>void</returnTypes></jsFunctions><jsFunctions name="pauseRecording"><mappings platformId="1"><nativeFunction static="false" packageName="" name="pauseRecording" library="CRM_AUDIO_IMG_S3_FFI.zip" frameworks="" className="RecorderBindings"><versionSpecificLibraries><entry><key>5.0</key></entry><entry><key>6.0</key></entry></versionSpecificLibraries></nativeFunction></mappings><returnTypes>void</returnTypes></jsFunctions><jsFunctions name="uploadToS3"><mappings platformId="1"><nativeFunction static="false" packageName="" name="uploadRecorded" library="CRM_AUDIO_IMG_S3_FFI.zip" frameworks="" className="RecorderBindings"><versionSpecificLibraries><entry><key>5.0</key></entry><entry><key>6.0</key></entry></versionSpecificLibraries></nativeFunction></mappings><returnTypes>void</returnTypes></jsFunctions><jsFunctions name="getLastUploadedS3URL"><mappings platformId="1"><nativeFunction static="false" packageName="" name="getLastUploadedS3URL" library="CRM_AUDIO_IMG_S3_FFI.zip" frameworks="" className="RecorderBindings"><versionSpecificLibraries><entry><key>5.0</key></entry><entry><key>6.0</key></entry></versionSpecificLibraries></nativeFunction></mappings><returnTypes>String</returnTypes></jsFunctions><jsFunctions name="purgeRecorded"><mappings platformId="1"><nativeFunction static="false" packageName="" name="purgeRecorded" library="CRM_AUDIO_IMG_S3_FFI.zip" frameworks="" className="RecorderBindings"><versionSpecificLibraries><entry><key>5.0</key></entry><entry><key>6.0</key></entry></versionSpecificLibraries></nativeFunction></mappings><returnTypes>void</returnTypes></jsFunctions><jsFunctions name="playRemoteAudioFile"><mappings platformId="1"><nativeFunction static="false" packageName="" name="playRemoteAudioFile:" library="CRM_AUDIO_IMG_S3_FFI.zip" frameworks="" className="RecorderBindings"><params dataType="NSString"/><versionSpecificLibraries><entry><key>5.0</key></entry><entry><key>6.0</key></entry></versionSpecificLibraries></nativeFunction></mappings><params name="remoteFileURL" dataType="String"/><returnTypes>void</returnTypes></jsFunctions><jsFunctions name="pausePlaying"><mappings platformId="1"><nativeFunction static="false" packageName="" name="pausePlaying" library="CRM_AUDIO_IMG_S3_FFI.zip" frameworks="" className="RecorderBindings"><versionSpecificLibraries><entry><key>5.0</key></entry><entry><key>6.0</key></entry></versionSpecificLibraries></nativeFunction></mappings><returnTypes>void</returnTypes></jsFunctions><jsFunctions name="stopPlaying"><mappings platformId="1"><nativeFunction static="false" packageName="" name="stopPlaying" library="CRM_AUDIO_IMG_S3_FFI.zip" frameworks="" className="RecorderBindings"><versionSpecificLibraries><entry><key>5.0</key></entry><entry><key>6.0</key></entry></versionSpecificLibraries></nativeFunction></mappings><returnTypes>void</returnTypes></jsFunctions><jsFunctions name="audioPlayerDidFinishPlaying"><mappings platformId="1"><nativeFunction static="false" packageName="" name="audioPlayerDidFinishPlaying" library="CRM_AUDIO_IMG_S3_FFI.zip" frameworks="" className="RecorderBindings"><versionSpecificLibraries><entry><key>5.0</key></entry><entry><key>6.0</key></entry></versionSpecificLibraries></nativeFunction></mappings><returnTypes>Boolean</returnTypes></jsFunctions><jsFunctions name="uploadImageToS3"><mappings platformId="1"><nativeFunction static="false" packageName="" name="uploadImageToS3::" library="CRM_AUDIO_IMG_S3_FFI.zip" frameworks="" className="RecorderBindings"><params dataType="NSString"/><params dataType="NSString"/><versionSpecificLibraries><entry><key>5.0</key></entry><entry><key>6.0</key></entry></versionSpecificLibraries></nativeFunction></mappings><params name="imgBase64String" dataType="String"/><params name="fileNameBCCard" dataType="String"/><returnTypes>void</returnTypes></jsFunctions><jsFunctions name="getLastUploadedImageS3URL"><mappings platformId="1"><nativeFunction static="false" packageName="" name="getLastUploadedImageS3URL:" library="CRM_AUDIO_IMG_S3_FFI.zip" frameworks="" className="RecorderBindings"><params dataType="NSString"/><versionSpecificLibraries><entry><key>5.0</key></entry><entry><key>6.0</key></entry></versionSpecificLibraries></nativeFunction></mappings><params name="fileNameBCCard" dataType="String"/><returnTypes>String</returnTypes></jsFunctions><jsFunctions name="uploadRecordedLeadVN"><mappings platformId="1"><nativeFunction static="false" packageName="" name="uploadRecordedLeadVN" library="CRM_AUDIO_IMG_S3_FFI.zip" frameworks="" className="RecorderBindings"><versionSpecificLibraries><entry><key>5.0</key></entry><entry><key>6.0</key></entry></versionSpecificLibraries></nativeFunction></mappings><returnTypes>void</returnTypes></jsFunctions></namespaces></javaScriptFFIContainer>